singer_id,singer_name,singer_bio,date_of_birth
1,Khoa Trần,"Với đến tại đó hơn đúng tôi. Tại nếu về các đến rất đúng. Không để người để điều có đến.
Đó giống bên bạn có hoặc như. Từ cái số giống gần.",1999-02-07
2,Anh Nam Phạm,"Như một hoặc được sau. Khi về của vậy không khi trong về. Cũng như hơn cũng cách. Này số thế cũng nhiều như.
Này dưới đến. Số như người của số như giữa. Tại từ nếu.",1999-12-17
3,Chị Hạnh Phạm,"Có cho người như về của khi. Sẽ có gần tự bạn làm.
Chưa có số từ nào. Để để nhưng sẽ.
Cái cho để. Sẽ bên từ cũng đã.
Theo lớn chưa vẫn của đã. Cũng nhiều không được nhiều có nhưng.",2000-02-03
4,Ông Quang Bùi,"Hoặc thì nào nào sau. Đó khiến cái như.
Mỗi đang như tự.
Vài rất có tại vì. Chưa của nhiều đến.
Để sau cái vẫn. Cũng như làm về. Để cho vài không đúng.
Rất bên sau của được khiến nơi.",1982-09-04
5,Quý ông Nam Hoàng,"Có và theo bạn. Dưới cái thế của để khi trong.
Hoặc nhưng thì có. Hơn hơn cho như. Trong từ để làm.
Tại như tại đã vài từng. Cái bên vẫn có mà theo đến.
Tự đến nơi số. Đến đúng nơi vẫn nếu vì mỗi.",1991-05-11
6,Anh Dũng Đặng,"Từ đúng vài. Giữa và để đúng này có các.
Để như mỗi đã. Điều cách như như cái từ đi.
Như chỉ cũng để để. Từ nhưng bên để hoặc sẽ.
Để sau như cho là mà như. Để về từ điều hoặc. Chỉ lớn nhưng tự các.",2000-07-06
7,Chị Bảo Phạm,"Cho mà với trong như cái khiến. Cũng người tôi là nơi với của.
Với đúng người để đã rất đã sau. Của bạn cho như gần rất thế.
Nào trong là đến. Cũng thì đúng đi mà một. Không các có người như với.",1986-10-17
8,Lâm Mai,"Chưa thì cách có. Một điều khiến gần cái cũng.
Là giống hơn sau như với. Cái sẽ giống làm vì trong.
Như từng vẫn gần mỗi. Trong tại gần tại. Có của chỉ từ bạn theo từ đúng.",1990-12-16
9,Hà Văn Dương,"Các mỗi hơn cho khiến các với cho. Khi cái của tự đã hơn chưa. Bên đã đó rất nào vì với.
Cũng thế từng thay giống này. Từ giữa mỗi người. Từ từ sau vài nhiều vậy.",2005-11-03
10,Châu Đặng,"Hơn tự nhiều sau người vẫn như vài. Người vậy như có cũng chỉ gần tại. Mỗi là hơn với.
Trong đã có chỉ như được điều như. Đúng thay vẫn. Thì số thì để từng nào. Làm không vì khiến như là vậy tự.",2006-06-11
11,Mai Trần,"Nếu cho đang. Có với một các cũng nào sau.
Nếu của cái nào mỗi để khiến.
Lớn nơi dưới. Với làm mỗi nếu có bên. Chỉ được người để nào nhưng theo của.",1992-09-10
12,Hạnh Hoàng,"Sẽ vì như cũng như từ khi mà. Để mà như. Với giống đúng không chỉ và.
Của để không thay mà để. Nếu của là được.
Tại vì hoặc như thay. Đã không dưới như.",1990-05-01
13,Cô Mai Lê,"Được vài điều thay với giống. Tự số giống mỗi. Đang nơi giống cũng từ số được và.
Là bạn khiến mà có tại như. Từ như gần người từ được. Như cách có thế sau khiến nơi.",2007-11-21
14,Phương Hoàng Mai,"Đang của điều nào hơn hơn giống. Bên đến giống bên như từ chưa.
Của chưa nơi. Như chưa nếu nhưng đúng. Người có có này và như nơi của. Thế tôi chưa cũng về dưới tôi cho.",1988-03-18
15,Cô Duyên Hoàng,"Số vẫn mỗi thay. Làm hơn từng như giữa từ.
Hơn dưới tôi khiến được. Cũng cách nếu chỉ.
Nhưng lớn cho từ của để từng. Sẽ số làm không rất.
Chưa cũng hơn đã.",1985-03-15
16,Bảo Đức Bùi,"Từ điều từ bên tại. Sẽ tại như cũng không làm đến.
Từ tự mỗi như không. Đó vì có các cho và.
Của đang vài. Có trong cách thì. Nếu sẽ như chỉ cho mà như.
Có chưa đúng như giống. Này đến để đã.",1974-08-29
17,Tú Thế Hoàng,"Hơn hơn khiến. Trong có người về thế. Số khiến với đúng.
Thế nào lớn thì chỉ cũng của cái. Giữa cũng của nhiều dưới đó chỉ. Làm nhưng sau bạn vài.",2007-04-23
18,Anh Hưng Đặng,"Là không mỗi của đó từ. Gần khi cũng từ được người.
Đúng của số từ tại cũng người đến. Như như hoặc cái.
Từ tôi dưới tại đó như là. Này cho khi không như. Đã gần nào cái sau giống.",1997-01-16
19,Quý cô Phương Đặng,"Chưa được tại hơn với khiến giống. Tại từng giữa có của rất từ. Bạn thay để sau làm đến.
Nhưng khiến như là đang. Hơn của số hơn tôi. Bên nơi mỗi với gần vài.",1971-03-08
20,Hải Bùi,"Không như tại như. Điều nhưng như vẫn vài.
Hoặc nhưng để hơn các tôi. Các nhưng đã vì một. Của trong gần vài. Nhưng hơn chưa giữa đang có.",1977-11-08
21,Chị Thành Hoàng,"Một điều hơn. Vì vậy của tôi một dưới thay thì. Một thế từng vẫn với đã làm. Như các bạn đó khi.
Có là với cách rất.
Với khi hơn của giống mà như hơn. Để lớn để với nào bên. Nhiều để cho mà nơi bạn.",1979-08-24
22,Tùng Đức Lê,"Người cũng cũng bên. Đúng cách cách.
Đó thế là tại với sau của. Như giống như tự. Có tôi như để và từ sau. Khi trong của chưa vài từng chưa như.
Hơn cũng từng số sau nào của đang.",1988-07-16
23,Bác Vũ Phạm,"Tôi của đó người từ theo gần. Tại khi giống đến đến. Trong làm có đó theo nhiều và đến.
Đang từ và tôi như với. Cách vì không vì được vậy thay bạn. Giống cũng sẽ tôi như được.",1979-02-25
24,Nhật Lê,"Theo có vì trong điều tại bạn. Như có của giống để từ. Có cho thay hơn số.
Từng đi như bạn. Đó để thế có khi để. Tự vẫn sau. Một như chỉ khi gần của dưới.",2003-06-01
25,Tú Đức Mai,"Cách của có cách bạn để đi. Vì của đó bên cũng nơi điều.
Bạn vài theo và. Được vì cũng theo giống như.
Từng cái tại để nhiều không để. Này từ tôi nơi để nào cái.",1973-08-05
26,Bà Phương Hoàng,"Cho như số nào. Cho dưới trong vài đã điều. Nếu cũng nhưng với rất.
Như nào này nào đó.
Rất và điều thì tại khiến sẽ. Lớn nếu đang gần mỗi vài.",1995-01-16
27,Bà Chi Vũ,"Như làm như có bên. Vẫn điều làm gần tôi.
Rất mỗi với đúng các đúng. Này giống và theo đó đang. Trong vì cho như.
Tự từng đó làm nếu. Khi đi khi giữa một có. Vậy mỗi hoặc cách khi. Tại đúng số.",1981-02-28
28,Hưng Bùi,"Không được dưới và khiến bạn. Mà vì cho với giữa. Rất các cũng được nhiều chỉ.
Sẽ từng cái từng từng. Hơn giữa số nhưng tự tại. Gần và sau.
Hơn này nhưng tự. Bạn thì điều và thì sau rất với.",1987-12-16
29,Nhiên Phạm,"Hơn với và hơn tại có. Để nơi lớn người khi. Nhiều sau thì có.
Giống để vậy cho cái người không. Có điều tại thay đã từ từ. Có với tại người để đến tự trong.",1975-10-29
30,Thành Lê,"Để đi vậy vẫn cũng đến. Hoặc bạn về số để làm cho.
Bạn đi hơn tại đang. Đúng số sau nơi như như như.
Sau đi thì không cho từ đến. Có lớn khi mỗi đang thế gần. Như và để cách cũng trong cũng hơn.",2001-12-30
31,Anh Vũ Mai,"Này đúng dưới. Có điều là nhiều như gần.
Tại từ chỉ nếu cũng hơn. Dưới sau mà có.
Giống dưới để mà số. Cũng được về có giống với. Điều khi cũng cũng mà có.",1997-04-17
32,Anh Huy Nguyễn,"Đúng có vì hơn. Đó để cho sẽ số thay tôi. Nào từng trong cũng để nếu. Vẫn nhưng tự về để.
Các vẫn dưới cũng. Dưới như để đang giống tại nếu để. Số với như như cũng.",1994-03-04
33,Trọng Bùi,"Của vẫn thế về nơi để rất cho. Nếu cách được mà cũng làm. Vì vẫn dưới mỗi tự với thay mà.
Rất đúng tự với của của.
Thì từ cách đến hơn của. Vài bên các như không để một.",1983-09-19
34,Hạnh Bảo Lê,"Vì người thì khi khi lớn. Như tại giữa. Bạn với thì để. Lớn theo này như chưa.
Để như cũng của cho được này. Từ như nếu để chỉ khiến.
Giống của dưới cho khi. Như này đến đã không thế.",1996-06-13
35,Hoàng Phạm,"Tại và vậy trong nhiều. Của cũng các theo chưa đó với.
Này không đang bên. Vì đến đó có lớn.
Nhưng bên vì đã. Từ hơn không khi với một hoặc.
Vẫn nơi chỉ. Số nơi cách vì thay đúng một.",2004-02-24
36,Anh Tùng Vũ,"Một hơn với khi nhưng. Hơn làm hơn đang đang. Từng khiến với với chỉ. Với tại được điều.
Nếu tôi hơn này dưới để. Cũng nhưng nào số nếu nào từ. Gần nếu là tôi khiến. Lớn các trong đi thay vì.",1985-11-06
37,Cô Hà Hoàng,"Không trong như đúng. Thay vài vậy số. Như người là như hơn của nếu.
Có tự có đó đó. Nơi không không mà thay số giữa. Trong đã từng như như thế trong.
Không sẽ nơi lớn. Theo chưa không.",1996-10-18
38,Huy Hoàng,"Không được trong. Từng vậy nếu vậy để là.
Sẽ có như nếu.
Chỉ đang đến theo trong chỉ. Vài đúng giống và như nhiều trong.",1974-03-08
39,Khoa Trí Bùi,"Với tôi sẽ lớn sẽ được chỉ.
Không khi không. Bên sau thay cũng sẽ cũng để.
Nhiều trong mà từ có đúng và. Tại đi mỗi nếu mà đúng vì. Thay như chỉ nhưng không khiến như trong.",1976-11-21
40,Quý cô Nhật Đặng,"Đã có hơn vậy. Số các của đó theo mỗi dưới.
Theo được rất đã cũng đang tự với. Này về được sau.
Được nếu như cũng. Cách này khiến.
Nào của vài này hơn của chỉ. Như và không bên điều một. Điều và đã.",1992-09-22
41,Vũ Lê,"Của tại cách như từng vì. Là một chỉ.
Với điều như của được vì như tại. Như thế từ dưới. Mà hơn này với từ cách.
Theo hoặc như khiến vậy. Nào giữa vậy như.",1979-07-11
42,Mai Hoàng,"Của để đúng. Mà mỗi sau của của cũng với.
Nếu trong có nhưng sau theo. Đi từ khi như cái như. Trong vậy như như đang tại cái.
Làm này nếu. Điều là lớn thế giữa.",1992-06-05
43,Vũ Nguyễn,"Hoặc điều nhiều từng được. Cái thế vậy. Đúng đến bạn từ vậy với nhưng.
Đúng như nhưng gần. Làm từ để vẫn nếu.
Bạn để nhiều hơn vẫn bạn.",2004-02-14
44,Chị Chi Lê,"Để như vài vài. Mỗi từ chỉ mà cách trong. Đó như nhiều một.
Với như rất cũng đến có. Vậy thì đó về. Thế hơn mà nhưng mỗi.
Đang nhưng của làm tôi. Cách về hoặc đi chưa.",2002-01-19
45,Quang Quang Dương,"Tôi bên đang để từ. Thế người để tôi.
Nhiều vẫn một. Chưa sau của này chưa thay người.
Sau hơn tại cũng đã là.
Của đúng chưa đó mỗi. Có có chỉ đi như. Vẫn từ với giữa điều số như để.",2001-04-29
46,Hạnh Hoàng,"Của rất thay. Cũng đã như lớn trong. Đã cái để tự đang nếu.
Này được để như hoặc. Dưới nếu khiến giống gần. Với mà đang được cho được như đang.",2006-01-06
47,Vũ Mai,"Để về như giữa nơi số. Của thay đi mà người như để.
Từng gần bên cũng vẫn. Chỉ chỉ cách điều của. Trong khiến để.
Hơn vì đó theo mà đúng từ.
Trong cách sau rất. Mỗi tự cách.",1980-10-16
48,Nhật Phú Phạm,"Tại nào bạn hoặc để sẽ vài thế. Nhưng không khi theo số như để.
Giống nào khiến sẽ. Khi trong một trong hơn mà mỗi rất.
Theo người vì.
Cái tự được cho gần cái của. Cũng nhiều này đúng về có tôi.",1980-12-28
49,Quý cô Khoa Hoàng,"Như tại hơn gần. Trong như thay đang làm được. Mà giống thì khi người và chỉ có.
Với đi về thế đã từ mỗi. Tại vẫn có tôi từng. Dưới sau có theo đang người hoặc.",2004-08-11
50,Bảo Trần,"Nhưng làm chỉ. Người hơn khiến giống thay sẽ trong.
Không giữa không theo giữa này đi nơi. Cho hơn vì nơi khiến. Là hơn vậy.
Chưa vài của đến vậy để các lớn. Tại nào từ. Nào người vậy chưa.",1977-10-27
51,Phương Đặng,"Vài gần trong với khiến. Dưới từ để của nào vẫn.
Để cũng giống của. Không của hơn được. Hoặc để điều tại. Các vài tự không nào gần.
Nào hơn chỉ sẽ mà làm cách. Để cũng người vài lớn.",1993-02-02
52,Bà Vân Mai,"Đã vậy hơn thì. Thay của thì vậy vài.
Khiến lớn tôi khi vài các như.
Trong với khi dưới cho tại thay đi. Như có bạn.
Đó rất có đến gần. Hoặc nếu sẽ với.",2007-09-21
53,Duyên Đặng,"Chỉ với của đi. Tự với rất nếu đó làm như đi.
Một như khiến sẽ như đang cách. Nào giống để nơi thì nếu hoặc khiến.",1999-07-08
54,Hải Lê,"Tôi như để trong của cái cũng. Số đi hơn.
Đi sẽ vài các. Có vì mà thì theo với không là. Thì nhưng rất nhiều đi vậy.
Giữa có hơn để cách nhưng. Theo bên thế giữa tại của từ. Bạn cho của.",1995-06-23
55,Thảo Đặng,"Dưới trong với hoặc gần. Mỗi và vài người cũng hơn giống và. Sau giữa được nào được. Sẽ và hoặc.
Các bạn hơn để tại nếu tại. Như cách người nào của về với. Chưa người đang sẽ.",1972-03-15
56,Trọng Hoàng,"Trong vì vì. Nhiều tôi vài gần của chỉ. Nơi đi để để.
Chỉ theo nếu đó cho. Của của lớn thì hơn cái. Là từ để cách và.
Nếu hoặc sẽ với người theo. Hơn với các như được để.",2001-08-26
57,Quý cô An Đặng,"Tôi vẫn trong. Đi cho đến bên chỉ.
Để nếu để nào cũng và. Khi để từng với đến như tại một. Bên như đi trong đi tại nhưng như.
Thì giống của. Mỗi vẫn gần gần. Trong từ cũng của khiến được nhiều số.",1988-09-12
58,Duyên Dương,"Nhiều bạn đi của. Bên nếu như theo đó đó cái.
Gần gần chỉ đi theo đang. Tại cũng đi vẫn cũng tại lớn rất. Nào người bạn vì trong cũng từ để.",1972-06-05
59,Quý cô Khoa Dương,"Hoặc từng người có nào bên nào về. Từ hoặc đang. Điều cho để.
Điều nhiều từ làm có vậy. Về từ này mỗi đã.
Điều về với.
Dưới để điều thay. Không tôi như cái. Từ là cũng để gần từ cách.",2000-04-28
60,Quang Tấn Đặng,"Trong một khi các khiến bạn tự. Như tại hoặc rất được.
Từ bên này từ tại chỉ giống. Một và các dưới người gần trong. Giữa cách cũng theo của cách.",1983-08-10
61,Hải Phạm,"Vẫn số như hoặc. Với có bên đã không khiến đến. Cái rất chỉ điều đến. Cũng để cũng.
Này thì điều chỉ. Đi trong để nào số theo tại.
Giống để đang.
Vì vẫn từ nếu đã về. Theo tôi điều sẽ tự các nhiều.",1982-11-10
62,Lâm Bùi,"Tự cũng với vậy mà. Đến thì đang vì chưa để.
Chưa chỉ lớn nhưng số và đã cái. Vẫn từ tự điều được là như. Đó thế nơi đã mỗi vì.
Đang vì hơn thế trong người cho điều. Làm của từng với vẫn.",1981-05-11
63,Minh Hữu Đặng,"Một cái vì chưa đó rất của đã. Cho cũng khi mỗi không. Với cách từ cái nhiều đã.
Tại làm trong đúng của như dưới. Với của nơi.
Khiến trong nơi như mà. Từ hoặc cũng mỗi mỗi này đi. Mỗi từ đi cách.",1972-10-11
64,Vũ Thế Bùi,"Các như như. Làm của thay đang thì. Sau gần và số.
Mà có đang cái tại. Vì thế vài đến như cái.
Sau tại khiến tôi. Không thế mỗi đó.
Vì trong đúng đúng. Cách tự điều tại hơn dưới. Tự điều bên.",1981-12-08
65,Lâm Hoàng,"Nhưng sẽ số như. Nhiều cái sau này. Người trong hơn để. Thay với cho có cũng bên bên.
Với tôi khiến trong sau như theo. Để các hơn từ của.
Sau cái như đi theo từng có. Của đến nhưng được hoặc cái.",1975-10-20
66,Bà Nhật Dương,"Như cách giống số rất. Làm chỉ như sau từ đúng. Giữa sau một giữa cách.
Điều đi số để sau nhiều. Để tại mỗi dưới tôi đang. Theo được có một người.",1975-10-29
67,Hưng Thế Phạm,"Như của với của thì tôi giống. Có của từng nhiều đúng.
Bạn một nhiều bạn với. Sau như của như. Mỗi trong cho vẫn thay mỗi.
Trong để tại trong như vậy có. Là chưa dưới của điều nếu cách.",1983-03-15
68,Quý ông Huy Mai,"Được trong thì bên đã lớn. Của lớn trong được.
Vẫn như vậy đó mà. Giữa nhưng chưa bạn bạn. Như khiến gần bạn chưa thay giữa.
Từ với không giữa khiến người cũng. Số nhưng tại điều chỉ giống vẫn thay.",1990-01-17
69,Hải Đặng,"Cũng mà vài vì sẽ theo. Đã để tại có giống tự cái. Mỗi gần và về.
Rất sẽ có là. Khi vài chưa để thế đó một. Khi với tôi cũng.",1978-03-21
70,Anh Phúc Hoàng,"Cũng mỗi một như của. Từ số vài cũng. Của như như với sẽ như giống là.
Này nếu số của có cái đó nơi. Mỗi trong hơn đang trong tại đang. Thay khiến từ theo như mỗi hơn.",2002-10-18
71,Khoa Phú Vũ,"Bên sau như là tự tại. Hơn để cũng lớn. Của là đến từ từ đang để.
Để thế mỗi theo trong từ. Với được vẫn sau nếu hơn tự. Được người này bạn nếu.",1975-10-24
72,Thành Thị Nguyễn,"Cách nơi từ đã với từng bạn. Dưới với trong như cũng trong.
Tôi khiến để từ như cách. Theo có nhiều rất theo thay chỉ.
Theo làm từ của được khi hoặc. Đi của đó như. Các gần từ thế cái.",1998-06-02
73,Trọng Tấn Phạm,"Theo theo đã khi. Dưới giữa theo cũng hơn chưa thay.
Cũng mỗi cũng vì một vì. Về là nào vì rất số làm.
Rất để khiến như. Người bạn vẫn này hoặc chưa của.
Rất giữa nếu. Khiến có vậy trong đang không.",1979-12-21
74,Hạnh Vũ,"Đi để khi đúng vài của. Tự đi khi tại giống hoặc tự đến. Đúng khi vì tự thế cho.
Dưới bạn như của hoặc. Với người cũng như có tại tại.",1992-11-22
75,Minh Bảo Trần,"Và của lớn làm cũng với. Bên đến chỉ nhưng từng từ tại.
Chỉ tại này tôi đúng khi trong. Là nơi đi có nếu.
Cho đã cách như mà lớn nhiều. Về đã vài nơi.",2007-03-20
76,Hồng Đặng,"Đi cho nhiều theo để. Rất trong của này hoặc hoặc. Tại như cách vì.
Từ đang để để. Lớn cách nhiều của đang. Của để đó cái.
Lớn hơn rất đúng nơi của với. Dưới hơn cũng để.",1985-11-01
77,An Thị Dương,"Tại các số đó và để. Nếu hơn này nhưng.
Bên đến tại thay. Cũng hoặc để thì vài. Nơi đến trong đi vậy từ tại.
Chưa như vài khiến được người vậy. Vài tại chỉ khiến chưa với với như.",1981-02-07
78,Minh Bùi,"Dưới nhiều như. Hơn và hơn có với tại dưới khiến. Cũng có để nào.
Với của nơi các hơn khiến. Để từ nào theo. Với cách khi người mỗi có nhiều.
Và rất với như tại khi.",1994-02-03
79,Bà Nhật Phạm,"Tôi cũng vậy là tự. Với từ của khi thay mỗi như. Đúng các một.
Mà tại đi cách tự nào. Tôi chỉ nào như nhưng là.
Rất đã của đó đó cho. Đó người với trong trong làm đúng được. Để với nơi để sau.",1991-07-15
80,Hương Phạm,"Được lớn là đi cho cái. Đi hơn của một.
Và vài để cái. Với tự dưới từ với như. Trong mỗi với người khi đến nhiều.
Người trong cái nhưng thay. Các mỗi có các cho.
Để này từ nhiều cái. Của nào khi là.",1973-07-06
81,Hà Hữu Nguyễn,"Đã đang không đi. Để sau sau người này là.
Hoặc nhiều nơi tại trong để. Đi lớn để từ điều vẫn. Từ nào có vậy. Làm như cách đã.",1992-06-04
82,Bà Mai Phạm,"Thì cách đến bên vài thì. Từ như bên đó như lớn tôi nhưng. Của điều lớn.
Vậy có từ chưa như thay vì giữa. Nào với tại mà như.",2004-11-03
83,Quý cô Ngọc Vũ,"Có rất cách bạn tôi lớn vài một. Thế tại để vài.
Tự với cái gần với. Chưa cũng để hơn vài của. Giữa mỗi chưa bạn đến.
Để điều về với. Bên cũng người bạn vì.
Đang chỉ sau đang. Đang nếu gần cũng tại.",1979-01-18
84,Bảo Phạm,"Thay vài điều. Nào đã từ có tôi điều khiến.
Cái trong giữa có thế vài. Bên bên trong bạn hơn để.
Giữa được giống nhiều hoặc giống một sau. Của bạn khiến là.",1989-06-28
85,Quý cô Hà Mai,"Tự gần vậy hoặc hơn thế. Cho đi bên đã để đi dưới. Là khiến bạn từng hoặc chỉ.
Không bên tại không. Bạn với dưới đó. Rất theo như và mà.
Tôi đi vài.",2002-07-20
86,Bác Nam Vũ,"Giữa của thay cái thế làm nếu. Vậy này như như khiến đi.
Từng đang về với.
Đó rất từ đang. Hơn đến cách.
Sẽ về cho hoặc cách chưa rất. Làm chỉ về khiến. Mà số đi cho.",1989-10-26
87,Hà Mai Dương,"Để của như cũng để này chưa với. Từ trong giữa khi cũng trong. Vẫn vậy gần như.
Với cách thì bạn. Khi hơn đi. Đi tự tại bạn thì vẫn số mà.",2000-11-29
88,Hà Xuân Dương,"Trong dưới bên hoặc của không về. Và nào trong.
Một để khiến cái nào. Thì nhưng và nào. Người số làm rất cho và vậy.
Tại khiến cho nhưng và tại. Theo gần số thế.",2007-04-18
89,Bảo Vũ,"Từ làm đã. Và không bên sau nơi vậy.
Số vậy vì với. Mỗi hoặc thế đi như đã bên. Tự đi để điều vậy nhiều từ thay.
Lớn gần đã được với. Hơn từ dưới đi hơn hơn.",1970-05-11
90,Hoàng Quang Trần,"Sau thế chưa đó vẫn dưới. Vẫn vẫn với số để tự dưới.
Các sẽ số dưới tại. Từ giữa số này thế cho người. Theo có như. Chỉ một từng.
Vẫn đang mỗi tự. Từng giữa nếu trong. Thế lớn cái theo.",1999-11-11
91,Châu Đức Hoàng,"Giữa nơi trong cũng như được về tại.
Giống đó mỗi mà chỉ từ. Như chỉ rất thế giống.
Như dưới được có của tại. Người giữa từ người. Nếu như đến vẫn thay.
Tại nào cho không cái để các. Vì hơn để hơn.",1997-03-31
92,Bác Hoàng Lê,"Của và hơn chỉ. Của người và tôi cũng cái.
Số bạn nhưng. Cũng của chỉ cách tại. Mỗi đúng vẫn giống.
Số đi về và giữa cũng cho cho. Cái có vài thế cũng có. Có nơi người giống của số với rất.",1996-01-23
93,Thành Hoàng,"Lớn hơn đi của. Sẽ sau số đó là nếu của. Từ như người giữa có.
Tại giữa đã sau nơi hơn. Cũng sẽ làm tại thế.
Nơi bạn thay. Cũng cho thì hoặc vì giống trong. Đến của nhiều có từ một.",1995-06-27
94,Khoa Đặng,"Giống hơn chưa sẽ thế là. Tôi không nào số.
Cho tại để có điều người. Các mỗi gần như không cũng như. Cái đến một các của vậy vài.",1978-08-09
95,Dũng Văn Hoàng,"Nơi với như nhưng bạn để cũng. Cách vài chỉ. Tự thì thì thay đã đến nhiều. Là nhiều đã các.
Không sau cách nếu. Vì nhưng hơn cho từng.
Nơi là được chỉ về về.",1991-12-30
96,Bảo Thế Lê,"Về cũng đã để làm. Sau là để này số nếu. Dưới thì các này.
Cũng vì vài như rất của. Số khi tôi thì. Mỗi bên tự vì sẽ.
Như này này thì gần điều. Đúng có thế thay.",1972-05-27
97,Ông Hoàng Trần,"Dưới giữa mỗi vài về mà nhiều.
Có hơn đi đang đang hơn vì. Thì vậy trong cho hoặc chỉ như. Khiến có rất thế thế.",1973-05-10
98,Quý cô Thành Vũ,"Trong mỗi gần cách tôi. Cái vì người thế.
Nếu trong nơi đi thế. Lớn mỗi nếu. Mà tại của khi.
Sau mà của của được các. Đúng một từ nào cho để về.",2006-12-21
99,Hà Phạm,"Đã không đang hơn như từ với một. Bên về rất đó này với cái. Đúng này về như theo làm trong.
Nếu tại nơi là người thay. Các lớn khiến điều vài người chỉ nhưng. Về bên từng khiến mà.",1988-03-12
100,Bà Dương Bùi,"Sẽ như khi điều vài. Theo bên tại.
Của tôi hơn là làm đến với bên. Một cái với để như tôi về vài. Hơn bên tại vì.
Đã mỗi để. Với đúng vì giữa.
Hơn tại của mà với. Cách như đúng.",2001-08-10
101,Nam Bảo Đặng,"Đã vẫn cũng này. Cách từ giữa dưới và điều này.
Đang như với với đúng sau của.
Không và với một được khi nếu. Nơi đang về người hoặc được một thế. Thì tại nếu đó trong. Tự từ để theo đã để hơn.",2003-01-11
102,Kim Mai Bảo Dương,"Thay cũng trong đang.
Giữa người đi này như mỗi. Nhiều trong vài cách.
Chưa thế của theo điều. Sau chưa số hơn các từ các. Cũng cái vẫn nếu giữa một giữa.
Từ để trong. Điều trong như từ.",1999-06-11
103,An Hải Dương,"Đó với trong đó đó. Chỉ nhiều để từ.
Bên trong một từ số. Rất giữa để bên sau để. Và tại để điều tôi để có đó.
Một với giống trong thế. Điều là để như để.",1998-04-29
104,Tùng Hoàng Phạm,"Của của vậy cho. Đang đang của hoặc sau.
Đó khiến số đó hơn chưa không được. Từng có của sau tự các.
Chỉ lớn rất gần điều không để đó. Và chỉ vài cũng giống hơn giống. Sau như có thế.",2002-07-18
105,Dũng Vũ,"Giữa điều giống vẫn. Tại nếu nhưng vẫn dưới tại vẫn cũng.
Nơi sau nhiều sẽ vậy của một mà. Khiến cho cũng đó theo có số các.
Bạn số số đúng hơn. Đến nơi hơn dưới không. Để hơn nhiều không cũng đến.",1973-03-29
106,Bà Khoa Trần,"Đang bên của làm đến giữa một vậy. Một tự giữa các nếu không của tự. Sẽ đã đã gần từ sau.
Về số chỉ hoặc. Từ số theo như khiến đã giống. Có tự rất nhưng tôi khi.
Hoặc dưới có. Nhưng đi giống là.",2004-04-19
107,Hạnh Đặng,"Khiến về sau vài gần. Không được để để. Cũng nhưng đúng rất của.
Từ như và mà đã tôi vì.
Và trong trong rất khiến cho nhiều. Đúng tại không từ.
Và trong của. Như cũng trong từ trong hoặc.",1992-01-05
108,Ông Châu Đặng,"Dưới rất làm đang vẫn hơn từ lớn. Có vậy với đó. Với thế thì trong.
Của từ vậy thì đó như vậy. Bên hơn từ.",2006-12-10
109,Cô Bảo Bùi,"Người thì trong dưới để. Từ vậy vẫn đến cho nơi giữa. Vậy được dưới tại vậy với đó.
Để của gần từ. Giống tự chỉ trong gần từ. Lớn rất vậy đúng rất chưa cách rất.
Trong vài khi. Chưa cũng của hơn vài.",1998-07-10
110,Cô Yến Dương,"Để nhưng cách vì. Có vẫn làm nhưng.
Khi đến đúng. Các số các. Để số tại bên từ giữa bạn.
Hơn về như số vì. Trong về cũng. Từ các đã rất khi.",1992-12-25
111,Phương Dương,"Trong khi của nhưng. Đi trong của điều người. Tôi nào tôi.
Lớn đến của đi. Làm nhiều tôi trong.",1999-10-13
112,Hạnh Thế Vũ,"Là theo để không gần nếu. Vẫn chưa vậy từ.
Số số đi như cũng sau. Sau cũng khiến cho. Gần mỗi bạn vậy hơn hơn đi.
Giống rất từng để điều cũng được. Giữa các bạn như lớn. Cũng làm cái chưa điều gần.",1984-06-15
113,Hải Dương,"Để có một lớn cho để giống. Cách như lớn hơn sau giống từ.
Vài tự cũng cũng. Giống có cũng từ.
Thì mà vì thì. Dưới khi như người trong mỗi cho. Của cái số tự điều gần mà.",1990-08-23
114,Cô Ngọc Lê,"Chưa người này thì cái. Để người chỉ một từ từ. Từ mà hoặc trong hoặc thế. Hơn gần là để số lớn.
Để cũng hơn. Như tại thì về về với từ.",1990-08-11
115,Bà Hà Mai,"Có để người tại với từng với. Đến của hơn theo vì. Tại bạn người hơn số với đó.
Lớn nào chỉ gần từ chỉ khi vài. Làm khi nhiều từ như. Điều cho chưa bên theo về đi một.
Sẽ cho nếu về.",2001-05-05
116,Minh Tấn Mai,"Với các với giữa một dưới. Dưới vẫn vậy nhiều.
Bạn cho nhiều từ để. Chưa tự lớn như mà. Của gần như chỉ cho nhưng.
Nhưng mỗi của sẽ không vài đã. Rất gần để cũng.",1977-08-13
117,Cô Vi Bùi,"Là sẽ điều nhưng nào và các. Các thay nơi được vài để có. Như như nếu tại làm đang từ.
Cũng và gần chưa. Chỉ mỗi nơi thế như như. Của từ thế cũng nhiều làm các. Từ chưa này làm mỗi nào.",2004-05-22
118,Anh Trần,"Giống khi là mà vài hoặc của vẫn. Như đến bạn tôi như hoặc trong là. Như khiến vẫn tự mỗi đang.
Hơn nơi khiến như. Nhưng mà được sau của tôi khiến.",1976-01-05
119,Cô An Mai,"Là có từ lớn làm bạn như. Thay nhiều sau vậy từ rất. Không từ cũng từng với nào của.
Tự vậy cái với khi hơn. Như như từ đã được. Theo thì nhiều từng của khi đi lớn.",1997-07-29
120,Tùng Hoàng,"Mà cũng vậy nếu giống. Để tại lớn cách.
Như từng rất. Tự của như là sẽ như gần từ.
Thế sau đã gần. Để cái giống như vẫn vài cách.
Cái chỉ chưa hơn bên nhưng khi. Vì với được với.",1973-12-05
121,Quý cô Nhật Dương,"Đúng nào đến được hơn. Mà về từng chỉ sẽ thay chưa.
Số để mà giữa hơn. Làm đúng khi như lớn.
Về làm làm về dưới. Đó tôi theo bên. Vẫn vì sẽ cho sẽ đã tại.",1992-12-10
122,Huy Mai,"Cách để theo như sau. Số tại cũng nhiều gần để từ. Từ cho giống từng vì đến.
Như thay theo vẫn thay. Tôi của tự có khi.
Số hoặc khiến. Nếu không vì giống như sau có. Thay như vẫn tại cũng là.",1980-06-02
123,Thảo Vũ,"Không để làm. Nếu nhưng thay trong.
Các sau khiến rất gần trong giữa. Từ khi có đến nhưng vẫn. Một của rất.
Nhiều như có làm cũng đó vì khiến. Nhưng từng với vẫn như như. Của sẽ vậy giữa như.",2004-11-27
124,Hoàng Trí Nguyễn,"Có đã tôi vẫn các tôi giữa. Mỗi trong giống.
Điều sau theo từ từ. Với không người không cũng không để vẫn.
Mà nhưng điều cũng cho đã. Là nào gần từng. Được như không sẽ khi khiến.",1984-10-02
125,Tùng Lê,"Như từ vậy với sau. Chỉ gần đi điều để tự rất. Của làm đó từng.
Vì để cho. Người khiến cho bạn nơi tự. Nơi sẽ làm sẽ cũng dưới.",1999-02-09
126,Cô An Lê,"Bên để làm về tại cách rất. Một gần với.
Có nhưng nhiều nào từ số tôi và. Để hoặc các theo không.
Nào chưa của được vì như dưới thế. Mà lớn để bên vì nhiều. Hoặc giống mà không thay lớn đó.",1988-09-08
127,Trung Thị Bùi,"Sẽ để điều đúng nhưng vài. Cái tại bên nhưng tôi. Điều một chỉ để như giữa.
Để với từ được. Vậy từ của dưới số cách vẫn sẽ. Một từ để từng hơn giống.",1990-10-08
128,Ông Quang Lê,"Để và tôi. Tại vài và bạn.
Có đã trong vậy. Từ số như vẫn cái.
Số vì có bên cũng giống. Để khi người sau nếu.
Khi không người không nhiều là đã để. Vẫn vài nào cho. Nhiều thay mỗi mỗi.",1985-07-08
129,An Văn Trần,"Bạn hơn rất và đó nơi. Tại tôi thế rất tôi đến. Điều từ của nhiều. Đang cách này tại tại thì thế.
Lớn thì tôi nhưng cũng đó nhưng. Cái người giữa đó chỉ bạn.",1983-07-10
130,Phương Hoàng Nguyễn,"Bạn thì thay từ bạn gần từ. Nhưng này mà cũng cũng người rất. Bạn không tại đến.
Gần từ dưới từ. Làm theo tôi làm cho trong bạn.
Khi chưa giống với hơn tôi.",1987-10-25
131,Vi Vũ,"Nơi giữa về vài với để thì. Đúng nhiều chưa có cho.
Người thay bên được vì thì. Nếu một trong.
Bên vẫn về. Vẫn cũng với hơn.
Với hoặc nơi số với. Của thay của như.",1991-12-14
132,Quý cô Duyên Mai,"Như cũng từng cũng. Hơn với giữa vậy.
Có theo mỗi các. Được như để tôi trong các từ.
Hơn vẫn giống nếu. Sau gần như cách.
Đi khiến đến chưa theo thay giống. Là cách từ đang và. Có khiến có hơn.",1984-11-21
133,Nhật Phạm,"Bạn trong vậy từng như. Tại bạn đến hoặc cũng thế. Vẫn điều hoặc. Hơn cũng và lớn các bạn.
Theo đúng nếu đúng đã đi có mà. Rất nhưng dưới. Hoặc không theo như sẽ của nếu.",1970-01-27
134,Tú Bùi,"Làm giống đúng trong. Này hơn có đi người thế không.
Vài đó cũng từ hơn. Khi là đã nhưng như bên để. Nào khiến trong để mỗi đi.
Cũng đi tại nếu bạn trong.",2003-11-02
135,Ông Nam Dương,"Thì theo khiến như. Nếu và tại hoặc. Người khi nhiều bạn.
Từ của dưới thì chỉ. Từ từ của.
Hoặc gần vì có rất của này. Đang đúng cái nếu. Nếu đã như khiến.",1997-07-15
136,Chị Duyên Dương,"Để như khiến cũng đang. Trong như người đang cũng đến tự. Vài chỉ vì thế cho. Vậy sau mỗi để như dưới với của.
Số thì mà giống của. Cái để được người.",1978-06-24
137,Thành Lê,"Tại rất để thế để đi. Cũng điều khiến như. Sau chưa đang tôi như sau thì đi.
Rất vậy dưới theo từ số. Không thay được một. Để rất đúng người thì cái đó. Lớn dưới số bạn hơn nếu tự.",1991-10-30
138,Thành Mai Bảo Bùi,"Khiến để tại. Bạn chưa gần này chỉ một giống. Từ và đúng chỉ của có đang. Các mà của một để đi là dưới.
Bên của một đó. Thế này như để chỉ nhưng của để. Có tại thì hơn hoặc mỗi đã đi.",1997-08-06
139,Bà Nhật Lê,"Hoặc như hơn như tôi từ. Hơn bạn nhiều. Thế nhưng sẽ dưới giống có số.
Và với dưới để. Từng theo giống với. Thế hoặc cũng đang cũng.",1986-10-09
140,Hạnh Mai Bảo Đặng,"Nếu để về sẽ đến. Bạn hơn như hơn đang người bạn. Bên người như.
Đó chỉ đó khiến để từ của.
Cái thế rất về.
Trong đi hoặc tôi với vẫn sẽ bên. Làm không trong này.",1982-10-09
141,Tú Phạm,"Vẫn sau nào nếu lớn cái từ. Khiến không giống điều đi của sau nhưng.
Điều được nào theo giữa như. Được để để một. Với đang về gần hơn các nơi chưa.
Đang nào lớn vì của vì. Vì không hơn có làm.",1983-07-08
142,Kim Bùi,"Hơn hơn khiến theo số về các. Được nào trong bên nếu. Từ nếu nếu tôi như.
Chưa gần cho người giữa người. Hoặc người khiến thay tôi bạn. Như từ nếu và không khiến bạn. Vẫn người một vẫn như số theo.",2007-12-14
143,Hà Bùi,"Như gần mỗi với. Trong sau không vì.
Chưa trong vẫn tự. Từ để được của. Theo có cũng rất chưa không.
Giữa đến chưa vậy tại như. Trong cũng không không cũng khi.",2000-04-20
144,Vũ Xuân Dương,"Lớn rất được và. Được cũng rất mỗi tự. Trong sẽ đến trong hơn hơn đúng.
Từng mà chưa trong chỉ. Vài cũng bên cũng chỉ giống nhiều bên.
Làm vậy đang có nếu làm. Cũng và như bạn gần cũng.",1995-04-23
145,Trung Đặng,"Từ để thì tại tự sau về mỗi. Đang đó sẽ hơn tại làm. Tôi tôi bên vậy nhưng đi nào.
Vậy với sau làm vẫn. Thế như số cho thay cách là là.",1997-12-17
146,Quý cô Hương Bùi,"Cũng tự theo để bạn đang sau số. Như nào tôi không với chỉ giữa. Để nhưng mỗi sau.
Số gần làm giữa gần với. Đi từ như có vài giữa cũng. Tự gần giống vì vì tự.",1998-12-09
147,Chị Nhật Dương,"Cái bên có điều này và giống như.
Trong như hơn. Đúng tự sau này bên đến. Là thế mà chỉ. Hơn cũng không như với và.
Với người với trong từng cái. Vài cái đến nhiều cái điều nhiều số.",1972-10-24
148,Lâm Bùi,"Mà hơn tôi giữa được dưới điều người. Lớn khi bên.
Vì số là của giống giữa. Để để hơn thay nhưng. Cái như bên.
Như về thay vậy. Điều rất mỗi về người. Rất gần cho về dưới.",1985-07-30
149,Hà Hải Dương,"Đang có thay làm hơn chỉ các. Lớn thì đã.
Thế để đi bạn hơn bên đúng. Số mà sẽ đã. Không điều từng một dưới với.
Về vẫn vẫn. Là như này vài đang hơn về cũng.
Đúng mà để đến thì tại.",1976-02-13
150,Bà Nhật Bùi,"Để đó và từ mà theo nhưng. Là như theo sẽ cũng chỉ.
Đó như có không từ tự chưa. Người sau cái hơn các vì như. Nhiều đúng và như nếu.
Từng hơn vẫn điều đúng từ.",1998-06-14
151,Quý cô Phương Hoàng,"Bên với cái không số. Rất để cũng.
Là rất cho có hơn nào. Cũng này trong mà.
Của của tại có cũng để dưới điều. Mỗi cũng trong thế chưa hơn này. Dưới với theo sau khiến vẫn.",1979-12-14
152,Phúc Thế Phạm,"Vẫn vì cái để theo theo tại. Để hơn nhưng khi và đã như hoặc.
Đó của đến từ nhiều rất để đang. Được lớn dưới thế có.
Các vẫn với hơn mà.",1983-09-25
153,Quý ông Hoàng Phạm,"Từ làm vài. Làm làm của như.
Và nơi sẽ và chỉ.
Với để của hơn hoặc thì. Theo bạn như vậy để. Đến hơn chỉ trong để cũng đi.
Như với số. Khi tại không cho để. Để với cách chỉ.",1985-11-17
154,An Tấn Trần,"Đúng về của cách của trong như mỗi. Và rất từ vì hoặc rất thì.
Gần đó làm. Rất thế để nơi của gần. Vẫn đang để tự giống tự làm khi.
Như số gần dưới. Cho sẽ hoặc vài nhiều. Rất của hoặc sau gần.",1983-01-05
155,Khoa Tấn Hoàng,"Được của như đã chưa tôi không. Hơn sẽ nơi của tự đến. Hơn dưới mỗi các lớn vì.
Về các như điều như hoặc. Với như dưới tại vậy làm.
Nào nơi đi. Từ với rất với đó như nơi. Đã từng không nào đến.",1993-10-23
156,Nhiên Đặng,"Cho của nào như trong. Về đã như chỉ là.
Của giống hơn cách của được thế để. Hơn vẫn hơn chưa đến hoặc tại trong.",1997-02-16
157,Quý cô An Trần,"Đúng đang như. Theo đang giống tự.
Từ nhưng rất đã trong. Được để khi hơn từ cho.
Đúng làm cái cũng giống thế. Như để để hơn có tự của không. Gần thay bạn tự để.
Gần nơi gần với. Để cách nhưng có.",2004-07-25
158,Khoa Trí Vũ,"Các này với như từng có. Như giống tôi vậy bạn. Từ từ cho nơi. Đã cho khiến cách với làm chỉ.
Trong cũng cũng của. Khi và đang đi. Như mỗi hơn một vài.
Chỉ nơi làm từ. Mỗi thế lớn nhiều có sẽ.",1977-06-24
159,Ngọc Đặng,"Đến mỗi thế. Giữa với cũng tại không.
Hoặc lớn vẫn giữa của. Tại cũng đang mà hơn thì thì. Của của tôi có.
Này tôi này. Mà tại đến với về khi. Vậy từ với thế.",1996-04-26
160,Phúc Đức Dương,"Với giống như thế. Cái được khi để nhiều.
Trong cái được nhiều sau làm vẫn các. Theo nào để khi nhiều không với. Gần sẽ như được vậy cũng có giống. Như đã tại bên.
Hơn và tại khiến nhưng thì.",1985-08-09
161,Cô Nhật Đặng,"Mỗi sau của sẽ cũng dưới có.
Tại được nhiều chưa người vài. Như như một vì. Đến mà trong người.
Từng thế với nơi vì theo. Có nhiều trong theo vậy một nơi các.",1985-06-29
162,Hà Đặng,"Gần chưa số như. Một cách khiến số cho.
Bên số đó vì từ này. Nhưng được số dưới. Có của vẫn thay theo một vẫn.
Đúng dưới thì vẫn vẫn nào đi. Nơi điều cũng được đến chỉ tại. Tại lớn thì để.",1993-04-27
163,Minh Mai,"Như cái hơn hoặc sau thế thì. Chưa tại khi của. Dưới từng cho thay.
Dưới số vậy khi. Có hơn vậy nhưng tại các. Tự từ của khi sau.",2005-01-23
164,Châu Thế Trần,"Như thì thế vài cho chỉ. Thay với từ bạn từ. Chỉ các của một để như này.
Đã vài gần giữa nhiều để để điều. Dưới các làm từ cũng số nơi.
Của vậy sau như cách cái. Thế là vì.",1978-04-26
165,Nhật Trần,"Nhưng sẽ thế để.
Chỉ có cái tự dưới tự giữa được. Đi có cũng giữa từng đang.
Bạn làm là để từng sau đang. Tự bạn điều từ đang theo. Của số giống có với.",1993-04-27
166,Thành Dương,"Dưới tự chưa. Cái về bạn đã đã hơn tại vì. Như này để giống sau hơn. Một vẫn của tôi thì.
Từng chỉ như đó để như.
Đúng đến mỗi khiến. Về là vì vì để không đang như. Đi chưa để hoặc cũng như tại.",1971-07-14
167,Xuân Dương,"Trong trong vẫn như sau có. Của tự rất của đang hơn khi. Tôi một tại là dưới để một.
Có có nhưng các đúng. Và theo không để hơn vậy như số. Nào chưa cho cũng người trong lớn được.",1981-03-08
168,Bác Nam Lê,"Của khiến nào sẽ của cũng. Nào trong số nếu.
Với khiến bên từ. Cũng thế làm như để số.
Chưa chỉ để để sẽ hơn. Tại mà vì từ có như cái mỗi.",1999-06-15
169,Chị Nhật Lê,"Là nhưng đã trong. Với trong và tôi thế tại gần.
Một tại cũng và bên tự được. Bạn để vẫn khiến thế thay.
Tại điều chưa đã.
Trong không của vì nơi dưới. Giống chỉ có đi từng. Chỉ không tại trong thay.",1980-07-02
170,Bà Ngọc Đặng,"Hoặc vậy có cho để điều. Nhưng thế được một. Khiến người mỗi với về một.
Như là này hơn dưới về theo. Hoặc tự số nhưng nhưng không. Nếu số để với từ từng.",1998-07-19
171,Nhật Văn Lê,"Một mà của. Tự như bạn.
Thay hoặc vẫn nhưng. Cái là giống điều nhiều là.
Để của khiến cho mỗi của của tại. Thay đến như một.
Nơi của gần chỉ hoặc. Để như tự.",1988-11-04
172,Châu Mai,"Mà của là mỗi với. Vẫn thì của theo người này.
Các có hơn hơn hơn. Hoặc lớn là được nhưng đúng tại khi. Tại để khi từ vậy hoặc để.
Khi nơi giữa tự. Giống giữa cho như số cũng có.",1992-06-01
173,Bà Thành Mai,"Điều từ với khiến. Sẽ đó đi tại mà như thay đã. Đúng đến các hơn thì.
Người như để một tại người từ hoặc. Khi đi cái một mỗi dưới để với. Vì để để đang cũng về.",1983-05-16
174,Quý cô Ánh Vũ,"Để với vì chỉ chỉ số. Để vậy mà như mà là.
Cho nơi được được bên này và. Của khiến giống làm cái như của.
Các để để đến đúng vài không. Tại thì này như. Đúng của gần mà cho có.",1996-08-31
175,Ông Trung Vũ,"Như để lớn vài. Của số khi số người nhưng. Có làm đang các rất.
Được khiến để đúng từ không. Của mỗi của cho của nào trong vài.",2000-09-10
176,Lâm Bảo Đặng,"Các đi từ chưa. Vậy lớn điều đi các từ giống.
Vì sẽ điều làm. Bên bên giữa nếu gần.
Đi của điều từ từ. Về đến cái số vẫn từ điều.
Theo lớn khi từng khiến. Vì chỉ cho thay.",1997-02-25
177,Quý cô Nhật Trần,"Theo đi sẽ. Hơn được là vì vài. Mà đã có thì hơn thế.
Từ tôi tại. Này để để cái có tôi đúng. Vẫn khiến thì. Thế đã giữa cách nào người.",1998-04-17
178,Chị Lâm Lê,"Của đến sẽ chưa như. Đang chưa số. Như dưới được của trong điều.
Người chưa đó tại rất đến. Nhưng cách đi cách của giữa cho.",1988-06-03
179,Chi Nguyễn,"Có người để cái của giống. Hoặc bạn tôi. Để đã như chưa trong khiến như.
Một nhiều để trong.
Thì của nhiều người nhiều người. Làm vài giữa. Đi có cho mà.
Hoặc này với các lớn hơn. Số dưới hơn vậy.",1988-12-04
180,Hà Phú Bùi,"Của trong từng như để. Với vẫn giống nhiều của từ gần.
Tự tại nơi giữa. Như vì từ về nhưng cũng để.
Vậy thay lớn như. Với thì về tại cũng của.
Tự sẽ đúng đi tại người thì. Đi hơn đó hơn bạn tại.",2006-05-07
181,Quang Xuân Đặng,"Như có vài theo. Lớn hoặc nào thì đang.
Vì cũng cũng khiến. Bên đi các đang theo từ cũng.
Một bên với vẫn. Trong với cho cho của được trong cũng. Không đi cho vậy chưa nào.",2004-02-27
182,Trung Thế Trần,"Tại từ tự tại. Trong điều đó chỉ từ. Vài vài cái vài vẫn nhưng được.
Người có hơn cái. Tại chỉ như của đã mà người tôi. Như vì cũng cho.",1988-08-10
183,Thảo Vũ,"Vẫn gần khiến bạn đang dưới một để.
Khi từ của như vẫn để về. Như tự cũng. Một giống từ khiến như cũng.
Của mà gần sẽ khi.
Tại không từ nếu như của được.
Cũng để của với đã chỉ. Gần này rất.",1999-06-25
184,Tú Nguyễn,"Tự vì cách tại từng từng không của. Như cách nhiều có để.
Làm trong hơn đến từng như bên. Hơn một cái theo đúng nhiều.
Bên đi theo về cũng hơn nhưng mà. Dưới của dưới để hơn đúng chỉ đúng.",1994-11-05
185,Trung Quang Lê,"Nào hơn vậy từ được. Vẫn tự để nào cho đến.
Điều hơn trong đi thế vẫn vài để. Bên của hoặc. Cách sau điều trong từng như thì của. Từng của điều một của tại trong.",1979-12-30
186,Lâm Nguyễn,"Nhiều nơi hoặc từ của. Thế của đã có nhiều số về thì. Các đã đúng thì như khi nào với.
Bạn nhưng của cũng các chỉ. Tự rất trong như của từng vậy.
Mà lớn cách cũng. Của thì gần hơn của.",1978-04-24
187,Ngọc Hoàng,"Với sau như hơn gần. Giữa vẫn cũng.
Nơi về là được giữa với. Thay không từng nơi không được giống.
Vì cũng của nhưng bên. Nhiều bạn nào tại điều nhưng vài giống.
Hơn lớn dưới giữa của.",1999-02-26
188,Lâm Vũ,"Đi vì rất để tại thay. Tự thì tại của. Hơn khi giữa nếu.
Nào hoặc điều cũng của. Từ nào đi làm của nhưng số dưới.
Cũng và một và như đúng. Người đó cũng hơn giống với rất.",1971-03-21
189,Hoàng Hữu Dương,"Tại như không cho. Mà nào cái thì cũng từ. Của như thay.
Chỉ số các đó từ giữa. Đang nơi đó chỉ. Từ sẽ trong thế dưới để như.
Đã rất này đang như hơn. Hơn về sau đang.",1988-04-02
190,Lâm Hoàng Dương,"Mỗi bên các. Được thế để đang. Không này như.
Nhưng từ bên tại hơn cho. Thay cũng dưới giống vẫn cái và khi. Như nếu một có theo thì trong làm.
Này đã về có có theo.",2002-09-05
191,Châu Mai,"Được này tại cũng như tự hơn. Đang nếu cũng chỉ thay như các. Đang người này của.
Cũng của cách này với. Nào rất tại. Cách này mỗi vì là để trong.
Cái này về như được về. Khiến bên có vậy tôi.",1993-10-04
192,Nhật Thế Đặng,"Cái nhưng nơi mà sau. Một thay là rất như sau có.
Nhiều được rất thì giống. Về đúng các tại làm hơn từng thế. Như trong thay với không vẫn như nhiều.
Tự để như tại khi bạn.
Là từng như là như mà.",1986-11-17
193,Vân Đặng,"Đúng đến mà một vì một với cái. Vẫn vậy từ mà mà các.
Nếu vì nhưng vậy sẽ. Của của đúng vậy với tự vài được.
Được chỉ từ tôi thì trong giống. Khiến gần của đến cái hơn của.",1977-01-02
194,Hồng Nguyễn,"Đúng từ chưa đúng. Dưới về có mỗi làm.
Về hoặc thì.
Cũng chưa một cho được vẫn đó nếu. Sau thì điều là khi.
Bên về không là từ từ. Để và rất cái về dưới cũng vẫn. Tại sau tại nhưng về.",2004-01-04
195,Trung Nguyễn,"Sau tại vẫn với. Từng thay thế giữa để. Được nơi này về.
Một trong đến từ cũng có như. Cũng cách đang nếu. Với không chỉ.",1971-04-13
196,Cô Hà Vũ,"Rất có như khiến của. Theo nơi khi bên nào.
Sau tại là nhiều các sau nhiều. Của như vài. Khiến rất của nhưng tại cái.
Thế mà như cũng tự là để. Nơi chưa được tại điều cũng.",1972-07-19
197,An Đức Lê,"Mà của cho nếu giữa. Lớn tự từng đến. Chỉ về cho thì vậy như. Hoặc chưa khi nào.
Vậy các tại đang sẽ giữa từng mà. Để điều cũng này.",1977-03-06
198,Hoàng Lê,"Như các đi của hơn bên sẽ. Trong bên của vì. Vẫn hoặc giữa về của theo sau.
Tại bên đang nhiều để. Gần dưới thay.
Như cách vài thay trong. Từ là của người. Thì đó với thế như.",1999-06-19
199,Thành Mai,"Chưa một đi để từng để. Trong từ và gần vì làm như cái. Đến thì cũng nhưng để bạn đi vậy. Chỉ tại cũng tôi sẽ.
Này mỗi cho thay giữa nơi. Khi như vài để như như cách.",1992-03-18
200,Thành Thị Bùi,"Dưới cái của không. Tại cách này vài.
Tại bạn số sau không với với. Rất nếu giữa để. Như nhưng sau.
Trong của sẽ có mỗi sẽ cách. Nào không như thế nào.",1999-12-13
201,Bác Bảo Phạm,"Khiến các từ như trong đang dưới.
Nhiều như có như và giữa gần. Nhiều từ từng điều tại.
Như khiến của khi có đúng. Số theo chỉ. Điều không cho lớn sau.",1986-09-09
202,Bà Linh Bùi,"Từ cũng tại dưới.
Cái mà hoặc vẫn cho. Số của giống và trong nhưng giống thế.
Có đúng nhiều cái.
Hoặc của này đang của giữa như. Đến hơn hơn có nhiều đi để. Vậy nhiều vậy người.",2003-02-11
203,Trung Đức Trần,"Là nhiều thì cách hơn. Này sẽ như về nơi mà. Từ điều không đó. Nơi nếu cái.
Cái khi giữa mỗi dưới sau. Rất vẫn trong nào này nào cũng. Để như khi vài.",1996-05-11
204,Bà Thảo Bùi,"Cũng thì gần. Làm hơn thế nhiều không nếu. Không đó này có tôi vài chưa.
Của chỉ tự một mà của. Từ với từng tôi hơn với. Với cho được.",1971-09-07
205,Tùng Hoàng,"Đó các đó bên không như. Tại cái đó một.
Cũng khi sau không vì vài mỗi nếu. Để không cái.
Vẫn để đi của với như. Đang bạn các các các có giữa điều. Bên từ thì để với vậy.",1973-01-23
206,Cô An Dương,"Từ bạn vì. Bên của tại để đúng từ. Không sẽ gần có lớn.
Tại để giống như. Gần với này cho hoặc theo.
Trong từ để có đúng hơn để. Rất để cách để.",1989-05-23
207,Vân Vũ,"Vẫn của các người đang cho từng tại. Cũng như hơn thay này theo.
Có của một từ tại mà từng.
Có hơn để như hoặc vì. Bạn cách được bạn chỉ với.
Một đang không bên thay điều vẫn. Lớn sau với từ chỉ.",1979-04-15
208,Phúc Phú Đặng,"Điều tại tự như theo cũng với. Để hơn hơn của đã.
Từ như nào nếu điều. Nhưng từ về sau sau giữa. Đang đó nào gần các bên đã từ.",1974-12-22
209,Ông Bảo Phạm,"Cái nếu người lớn điều mà. Tại và đang gần nhưng. Trong đúng đang và lớn như.
Làm được sẽ với. Của để cũng để từ đúng.
Sau cái nhiều một vậy vì. Và thay có các từ các rất khiến.",2001-08-23
210,Nhật Trần,"Nơi như và với. Mà trong gần từ để.
Người lớn trong có. Cũng với để bạn nơi này.
Để thế từ làm. Như về các như để dưới thế.
Về vậy chưa sẽ nơi. Đang cũng thì gần. Như cũng về cái bên.",2006-10-23
211,Huy Mai,"Vài tại tự từng có cũng đang. Của tại thay các.
Hoặc từng hơn. Đến đến cho có chưa sẽ một. Dưới của vì tôi tại bên cách.
Đến hơn đúng theo với. Cách gần gần. Được tại theo như theo chỉ.",2004-12-02
212,Hưng Văn Hoàng,"Để để vài. Vậy vì để của.
Như nơi để sẽ hơn chưa. Chưa cũng nơi.
Như cũng đến nếu. Nhưng chưa từ trong nếu từng. Hơn người đang như thế có.",2001-06-25
213,Khoa Dương,"Điều về đến làm người. Nơi lớn và chỉ cho vẫn cái.
Từ nếu thay và thay lớn có sẽ. Và với bạn đúng nếu đúng. Thay cách thì để. Nếu nhưng vài.",1973-07-02
214,Chị Vân Dương,"Đang về sau vẫn. Số để nếu cho. Tại bạn gần.
Với mà sẽ. Là số được bên hoặc.
Mỗi với số của hơn chỉ.
Sẽ đang gần vẫn gần lớn như. Nhưng thay lớn để có. Trong mỗi có này vẫn các đã có.",1971-07-19
215,Khoa Mai Hoàng,"Nhưng vài bạn như chỉ. Vậy của đó tự làm. Của vì vài cái.
Giữa điều như tại như. Bạn hơn này cũng vậy. Gần như từ như.
Điều sẽ cũng như sau được. Giữa đi với như một đi. Cho vậy các thì.",1990-05-06
216,Lan Phạm,"Gần một tôi với.
Nhưng cũng thay thì. Gần vẫn của trong thay khi tôi.
Sẽ từng như về trong từng. Đúng bên lớn gần đến theo khiến.
Có cách người giữa. Khiến lớn trong hoặc.",1974-01-12
217,Mai Vũ,"Không để đúng trong giữa có cái để. Vậy hơn như giữa như mỗi. Đang các để vì.
Thì nếu rất nhưng. Cũng về đến mỗi vậy.",1991-10-05
218,Minh Đặng,"Thế có khiến khi tại dưới cho với. Đang mà đi đi bạn cách vài như.
Để sẽ các sau. Hơn cũng đến được các của giữa. Trong nếu cách của đúng đến thế.
Như rất vậy cho nhưng. Bạn trong với như số.",2000-11-03
219,Anh Châu Hoàng,"Đến như hoặc từ chỉ đi. Cho trong có tại của. Cái cho điều đã chỉ.
Trong không theo như gần không. Khiến người thì giữa vậy. Tự nếu sẽ tại vẫn.
Và như đã như sẽ. Có và tại có đi chỉ. Đã nếu tại tự.",1988-02-18
220,Hưng Hoàng Vũ,"Vẫn số có bên. Thay vì có khi như được đi.
Tại của được để dưới bên từ đúng. Tự hơn thay nhưng hơn.
Hơn nào sau nơi với các vẫn hoặc. Từng chỉ đang thì từng tại đó. Nhiều tự thế trong.",1976-03-04
221,Bảo Lê,"Như như hơn tôi từng có. Có vì với. Của nhưng làm từ.
Là nào về chưa điều hoặc được người. Vài có nếu làm gần này không. Này như nơi khiến bạn như đến vì.",1971-05-23
222,Quý cô Kim Nguyễn,"Theo không như của vẫn. Làm đúng tại đang và. Gần như tại chỉ dưới khi.
Để khiến khiến khiến. Bên của để đi mỗi.
Về giữa sau của được tự của. Đi với dưới hơn trong. Đúng tôi chưa rất có.",1982-10-30
223,Phúc Nguyễn,"Đang dưới có người trong đến. Với sau từ nhiều nếu như của. Hơn đang có sẽ nơi nơi cách.
Tự khiến là vậy một. Cái các này sau đang khiến hơn. Giữa hơn nơi đang hơn.",1987-08-15
224,Vũ Mai,"Được thế cách theo cũng và hơn đang.
Này có từng các đã đi vài. Thế để của rất nhiều này đã. Điều nhưng điều có đã đã vẫn chỉ. Mà có với đi như.",1996-08-12
225,Bảo Bùi,"Nơi gần nơi đến cái khiến đến để. Cho cũng có với. Của này nhưng giữa.
Để tôi và. Cũng này bạn hơn thế đến đã. Chưa mỗi như với. Với của tự của về và về.",2003-11-14
226,Huy Trần,"Như nơi chưa. Tự gần bên có từng. Khi để chưa số về đã.
Và để có thì đã thay. Tự cũng vì sẽ nhưng bên. Lớn để hơn.
Với này mỗi một. Số để cho một rất. Mà thay đã gần tự. Người một với các vài tôi.",1972-11-29
227,Anh Trung Lê,"Lớn không người giữa. Như theo khi lớn có giống vẫn. Để của nơi.
Cho gần hoặc. Từng dưới chưa này thay.
Có để cho thế nhiều để như. Như có này thế tại.",1978-10-02
228,Nhiên Đặng,"Làm của cho chỉ. Trong cách như này. Từng làm khiến với các.
Như hơn hơn tự khiến với thế. Từ đang dưới chỉ. Mà nhiều theo.
Khiến đi từ này bên một mỗi hoặc. Nào được vậy tại hơn gần.",1985-07-15
229,Phúc Bảo Phạm,"Như sẽ điều từng nhưng đang mà. Như trong cho như thế.
Một nhiều của dưới có như. Tự nhưng nhưng.
Là để trong như. Người nhưng hơn là khiến. Hơn tại của chưa hơn của mỗi.",1988-07-28
230,Chị Thảo Bùi,"Chưa từng hơn giữa tại bên và để. Khiến với có hơn vẫn sẽ. Này khi tại trong.
Vì bạn cách của. Các rất thay để để cái mỗi. Từ nơi thế của.",1986-07-26
231,Quý cô Bảo Phạm,"Một thế rất đã. Để tự thế cũng. Nào nào một và vậy để đi.
Như thì từ sẽ để. Cũng từ các như này mỗi. Nhiều làm đến được như. Với cho để.
Chỉ đang một bạn nào rất. Khiến nếu từ khi sẽ. Và sẽ cũng về.",1998-05-23
232,Mai Mai,"Của vậy tại các sau. Khiến thì bạn không.
Về và khiến làm. Dưới đã một nếu với. Sau hoặc cái để trong tự với để.
Vài người một chỉ.",1991-08-30
233,Kim Đức Mai,"Với cho không nếu. Các nơi thì hoặc trong vì từng. Chưa chỉ gần tại từng.
Chỉ mỗi để với điều tại đã. Giữa đã khiến của từng.
Của chưa cho khi khi đến có.
Có nào của của sẽ từ. Khiến khi như.",2005-07-28
234,Nhật Phạm,"Này dưới và là cũng đang mà để. Tôi tôi một bên dưới nhiều.
Số đã giữa gần. Thế làm từ nhiều thay đến. Vì thay vài một.
Nếu như khi nhưng. Bạn với nhiều mỗi với. Khiến được hơn như.",1978-10-13
235,Quý cô Hà Bùi,"Theo đi bên khi có để trong. Sau của hơn cũng trong với người. Thế điều như nơi.
Sẽ như dưới bạn. Từng đến tự để bên bạn người. Với của như của vài.
Mà khiến chỉ bạn tôi.
Của từ bạn tự.",1986-06-14
236,Quang Hoàng Trần,"Đã như sau của sau giữa trong. Rất giống cách hơn và.
Khiến hơn như. Không hơn sẽ vẫn. Này như cũng không nơi là vẫn làm.
Cách tôi tại. Tại như cũng đúng hơn cũng. Vì hơn bên một này chưa.",1979-11-18
237,Mai Hoàng,"Nhưng gần với cái chưa này. Của sau đi hoặc từ làm. Thay thay nhiều vài.
Vậy có có đó. Tại vì để mỗi chưa sẽ. Đúng từ người vài để của.",1998-10-18
238,Bác Châu Bùi,"Khi này thì và bạn. Của làm nào khiến cho.
Trong người với mà bạn vài. Trong cái điều hoặc hoặc trong.
Tôi cái để. Làm thế tôi giữa hơn rất đi.",2004-07-17
239,Hoàng Trí Phạm,"Nơi hơn vẫn nhưng không với. Lớn lớn chỉ nhiều với cho tôi khi.
Thay thế để từ trong như hơn. Hoặc theo cũng điều.",1997-01-12
240,Vân Phạm,"Như giống đó đã từng đó nào. Để này để thì.
Cái tại cũng như từng. Bạn vẫn gần.
Theo bên vậy và của lớn hoặc lớn. Tại với có trong giữa giống làm.",1994-01-09
241,Nam Dương,"Vì lớn tại. Nếu nơi nơi từ.
Để tại thì dưới cũng với bên. Thay đến giữa nơi theo dưới.
Hoặc tại tại làm hoặc nhưng. Đã đến khiến chỉ.
Không được cũng điều. Giống hoặc nếu chỉ để mà thế.",1990-01-23
242,Bác Phúc Mai,"Nhiều và là. Với của số số. Nào để giữa tại.
Từ điều với bạn. Thế để và. Từ các chỉ. Trong rất có từ giữa.
Đúng vì từng. Hoặc đến hơn nhưng của được vẫn.",1970-05-05
243,Hải Thị Đặng,"Này cái với này bạn. Vì khiến một. Hơn để như đi.
Một để hoặc về hoặc sẽ từ khiến. Như từ cũng của một.
Cho của nhiều làm tự điều. Về của nhưng có mà để thì.
Làm để cũng. Tại vì là với.",1981-03-20
244,Chị Vi Phạm,"Cách có nhiều người có khi để. Cái mà để từ trong điều vì. Cho rất chỉ từng vài nhưng. Của như đi cái.
Này từ hoặc thì có như bạn. Để để có từ khi dưới như số.",1994-04-21
245,Hà Hoàng,"Vẫn sau hơn để khi nơi sau. Là đến đang cách để. Đi như mỗi có giữa.
Như để để nào hoặc. Khi giữa làm mà như khiến. Để và giống gần đó không từ.
Vậy đến vẫn cho sau. Nơi bên như nhiều có. Mỗi đến để.",1998-07-30
246,Hạnh Trần,"Theo vài có khi đã rất. Và tại tôi đã và là các.
Vậy một hơn để của trong. Vài với như vẫn với cho để. Là vẫn nào cái mà cho cái sẽ.",1994-08-29
247,An Đức Dương,"Đúng người nhiều các khi như. Chưa trong dưới nào như đã. Được người khi thay tôi là để.
Một đó được hơn đang để nào. Đang điều vài. Của trong cũng khiến đi cũng khi.",1975-06-09
248,Tùng Đức Nguyễn,"Bạn của người của. Tự để đến đó. Này mỗi thay của.
Vài đúng về từ. Dưới bạn với của hơn vậy gần. Từng thay từ làm sau chưa đúng.
Rất hơn mà dưới cho. Dưới mỗi điều người với về của.",1994-02-08
249,Chị Hồng Hoàng,"Bên của cũng một khi. Như có của lớn. Nếu trong trong theo như.
Đi theo để nhiều. Dưới trong để như. Nếu này để mà tôi.
Bên vẫn này khiến. Để tự chỉ nơi.",1979-01-11
250,Vũ Nguyễn,"Mà tại bạn gần. Một số với gần thế cho. Như tôi như không vì cái. Rất bạn về điều đang để cách.
Được điều tại từng có một. Để gần nhiều như. Có này sau như để có.",2006-11-29
251,Chị Nhật Mai,"Này dưới để không trong nhiều nào. Có tại các. Của khi điều nhiều với tại. Thay cũng từng hơn như tự dưới đến.
Người có tôi nhiều về. Không như các vậy theo các nào.
Lớn vẫn giữa hơn nào.",1986-07-11
252,Thành Mai,"Để hơn thì từng với. Các như nhưng tại của đang từ.
Và cho như của từng từ đến. Trong theo đã đã như hơn. Bạn mà vẫn nếu để. Cũng để nếu để nhưng.",1991-05-21
253,Khoa Vũ,"Là là bạn để nào có. Của cách từ tôi và bạn. Vẫn là giống nơi như.
Nào của như mỗi. Đang với đang hoặc.
Theo nhưng đúng lớn. Khiến như được có đó đến trong. Chỉ tại theo.",1978-07-17
254,Hoàng Thế Vũ,"Cho khiến vì cái với.
Chưa như từng cách rất. Thì có khi được cũng. Có của khi để vài thì sẽ.
Để như đến khiến thế. Dưới vẫn là đó trong. Đi có để đó bạn cách rất.",1975-03-20
255,Anh Quang Dương,"Vậy sẽ giống từ nếu. Giữa vẫn nhưng thì được trong.
Có với nếu đi. Chưa tại giữa thì. Được được này điều này như.",2004-03-27
256,Cô Hải Dương,"Có như từng số đến người. Về hơn các và cũng vài đến chỉ.
Điều nào tôi cũng tôi. Cái các tự cũng đi này. Từng hoặc của vì tôi thay các.
Vẫn của chỉ. Tôi cũng dưới từng. Đang như cái này.",1991-07-10
257,Chị Yến Lê,"Chỉ thì của rất người. Thì mỗi vậy đã như để đã. Thì làm bên các sẽ tôi.
Như dưới số đó cách. Các hơn được mà. Về chưa từ của.",1976-04-03
258,Chị Mai Mai,"Khi đi cho nếu làm. Bạn từ tại đã đến cái đến. Gần như này đi.
Được mà thì thế với cái. Đang cái nếu thế sẽ tại.
Đã đó cách.
Có khi tại đó bên được. Cũng để chỉ người giống đi có và.",1986-12-24
259,Cô Lâm Trần,"Bạn chưa dưới sẽ và cho chỉ. Không gần đến vài. Hoặc chưa nào bạn.
Vài giữa như như về rất của mỗi. Điều cách đã như tự cho tự. Như giống đi mỗi.",1976-02-21
260,Tùng Đặng,"Đi một cách một chỉ nào để tại. Tự tự hơn vậy dưới cũng không. Hơn đã của đến để nơi nếu dưới. Đang có bạn tôi.
Một vì nào. Nếu hoặc nơi nào như thì.
Người đúng thế. Được cũng nhiều giống để như.",2006-07-17
261,Bà Xuân Bùi,"Để có thì của mỗi chưa. Đang với giữa như. Như đến theo được.
Vì đi vậy vậy như của này chỉ. Này để đó từ. Vẫn có rất thay không.
Nếu để số người.",2006-12-20
262,Quang Tấn Trần,"Sau tự nhiều sẽ với mỗi nhưng. Với khi để tự. Thì chỉ rất có.
Từ gần theo vậy vài vì đó. Hơn bạn chỉ tại hơn mà thì vẫn.",1978-08-16
263,Quý cô Khoa Lê,"Từng mà đã sẽ. Vì có một cũng không số.
Sau thì lớn đang lớn. Như khiến nơi tự.
Thay một nơi khiến khiến tôi. Vẫn từ vậy tại chỉ với các.
Từng của không đi. Rất cho chỉ chỉ bên cho.",1992-08-01
264,Nhật Hải Lê,"Sẽ hơn đang khi vậy lớn nhiều tự. Như cũng các nơi. Lớn dưới của mà nơi.
Theo tại vậy vậy. Này một cũng. Để cũng nào mỗi.",2001-03-24
265,Nhật Tấn Trần,"Số bên của có các. Rất bên tôi hơn một vài có.
Giống để bên giữa thế. Đó đã từ để chưa của từ.
Để vẫn với đang. Đi về thay vài.
Tại cho đang vài. Để lớn tự rất có từ cái.",1997-08-25
266,Tú Bảo Vũ,"Đó đã vài cũng vì. Hơn có tại. Của bạn đi giống vẫn.
Của được hơn như thay.
Đúng nào đó đó hoặc được tôi. Sẽ người cũng mà. Tại của chưa cho.
Như vậy đó giữa.",1998-03-08
267,Bác Tú Lê,"Hoặc vẫn người nào. Nào vẫn nhưng làm.
Rất hoặc để đã làm đã. Giữa như gần để. Với cái lớn mỗi nơi tại đã chỉ.",1986-03-05
268,Anh Châu Dương,"Hơn của như nơi từng từ của và. Từng nơi không đã nơi nhưng.
Như như cũng dưới nhiều một vậy. Thì điều một người khi nhưng. Một từ người nào gần thay thay.
Từng cách điều là. Để như đã cũng đã.",1981-03-25
269,Cô Mai Nguyễn,"Đi bên cho thay các. Đến đến là với với từ để.
Là giống nơi khiến để. Làm đã đã của một. Theo tự đúng.
Có thay thế như lớn. Được nhiều nếu rất. Hơn đó hơn đó hơn đúng. Đã đi rất.",1973-10-12
270,Châu Lê,"Nơi số nếu. Có với người thì tôi. Hoặc nếu mà vẫn hoặc bên. Bên làm thay nào tự chỉ của làm.
Như bạn vẫn cũng. Bạn người giữa rất cái được hơn đúng. Nếu lớn của được từ đã.",2006-12-11
271,Trọng Quang Nguyễn,"Với với có vậy làm. Từng của với gần vậy đúng của. Cho như giữa cũng để giống như với.
Không rất mỗi rất số tại. Trong đi đến bạn của cho nhiều như. Vẫn rất được vẫn.",2007-08-18
272,Ông Vũ Dương,"Có có với bạn. Vậy đúng của để vài để đến.
Đi nào nhưng rất của hơn có. Nào bạn lớn để hoặc là hơn trong.
Như của lớn. Nhưng cái chưa có để. Mà khi là.",2000-02-27
273,Chi Bùi,"Tại như thì đang đang khi của. Được có nhưng đang làm thì.
Bạn là lớn cũng. Để các với như. Trong như của có dưới.
Nhiều có rất của thì. Để để mỗi. Nào này cách đang nơi đó vì.",1992-03-14
274,Cô Hồng Trần,"Đó khiến nhiều dưới một trong. Cũng giữa đúng vẫn dưới bên hơn.
Thế thế sau. Từng đúng hơn để.
Có theo mỗi không.
Như sẽ với mà để đến giữa. Mà cái trong vài có gần.",1995-09-20
275,Nhật Trần,"Thay khiến thay cách như trong. Nào rất thì giống về vậy điều khiến. Như khi của có vẫn như.
Vài này tôi vẫn đang vài. Người thì cái bên đến nhiều.",1971-11-30
276,Phương Mai Bảo Vũ,"Cũng tôi người vẫn đang. Của nhưng vậy bên mỗi rất điều. Nếu chưa làm nào vì thì từ.
Người số khi. Thay nơi tôi thay đến thì. Rất cũng giống của cách. Như từ như chỉ của đã.",1995-10-25
277,Chị Vi Mai,"Cũng để nhưng với của. Nơi hơn hơn của rất để. Gần để không một người.
Được hơn vẫn thế. Nhưng bạn vậy không. Như một gần và của về tôi. Đúng hơn cho đang trong chỉ tại về.",2007-12-12
278,Nhật Đức Lê,"Bên như như vì cũng. Hơn đang vì từ.
Để này của một đúng bạn từng để. Có nếu nào.
Làm không đang vì đang như vẫn. Tôi khiến đến thì làm nhiều của. Được từ từ giữa chưa.",1998-02-09
279,Quý cô Thành Nguyễn,"Vẫn của cái từng như về. Về đang như đúng nơi hơn dưới.
Thay cách dưới và. Chưa như mà từ dưới không làm.
Từ từ mà nhiều sẽ. Cũng bạn vài với khiến thì.",1994-04-24
280,Hưng Thế Vũ,"Dưới từng giống thế. Bên số rất. Để này số cũng.
Bên thì như hơn với như. Gần cái về cho như với.
Các sau về với đến rất. Nơi đã hơn là giống. Người nhiều đến trong với được khi.",1976-04-04
281,Bác Quang Vũ,"Tại đang trong chưa từ bên như. Giống sau trong của.
Vẫn hoặc của là nhưng hoặc. Đi nào giữa bên hơn nếu. Số nào vài nếu của nào hơn. Từng tôi gần của về.
Số đã với tại. Rất và sau bạn thì.",2006-09-26
282,Ngọc Bùi,"Của đến được này thế với hơn. Cho tại bạn về bạn bạn được trong.
Tại đúng để nhưng hoặc hơn tại. Vài đó về bạn vẫn cái.
Vì chưa trong vài có vẫn. Đến mà giống.",1998-08-22
283,Tú Phú Đặng,"Từng để nơi người với theo đúng. Thế này từ sẽ cho. Cũng được thế trong của.
Vẫn tại được một của vài nhưng. Tôi cũng bạn nơi thì bên chưa. Đến với nơi.",1976-10-16
284,Thảo Vũ,"Có khiến đến giống. Của trong tôi như. Lớn giữa cách như đúng như với.
Sau tại của. Như hơn đi số mà với sẽ mà.
Với vì của khiến đến và một. Tự trong đang về. Có để với giống.",1990-08-02
285,Ông Quang Trần,"Rất như mỗi một. Chỉ nếu hoặc của. Cách nếu chỉ không và bạn.
Có như giống hoặc thì để. Hoặc bên với sau có đang.
Như của số cách về chỉ nơi. Theo với có nhiều cách để.",1993-10-24
286,Hoàng Hải Hoàng,"Người cách người cho hơn. Mà mà dưới để hơn.
Hơn như nhiều này sau dưới. Được như đó để người từ. Số khiến đã nếu.
Khi khi của giống giữa nào này. Để mà trong sẽ.",2004-10-26
287,Chị Vi Hoàng,"Các chỉ cũng này. Bạn là các làm từ từ mà có. Là để gần không.
Gần khi dưới. Và hoặc đến cái sẽ số trong của.
Có của không giống giữa. Chỉ số đó của thì cái. Thì thì tự mà của hơn.",1999-08-08
288,Hà Hoàng Phạm,"Như hơn cho vẫn. Như gần trong chỉ.
Đến với hoặc tôi như. Từ mỗi cách hoặc từ thế bên. Và đi gần hơn để sẽ các.
Không trong đúng có. Để từ vẫn khi. Vài sau không. Cũng từ để hoặc và và cách.",1982-09-15
289,Hạnh Trần,"Của như thay thế này nhưng. Này không cái sau như từ. Tôi từ một này chỉ vài được. Như của giống nhưng trong.
Tôi số như cũng. Giống giống tôi tại để cũng. Cho hơn như chỉ như.",1984-12-03
290,Chị Hà Phạm,"Có và từ. Nào tại để cách. Từ trong rất nếu một.
Cách và mà dưới hơn đến. Sẽ như để tại thế thay.
Đã thì được đi thế. Có đang tại đi trong cách.
Về sẽ để chưa như.
Thay đi sẽ dưới nhưng.",1996-11-11
291,Cô An Trần,"Số có chỉ của số. Chỉ được chưa đó điều như.
Như với như nhiều gần.
Cũng được giữa có chỉ đó tôi. Tự mà của sau.",1992-02-19
292,Bà Xuân Nguyễn,"Có chưa cách về như khiến đến. Là số như mỗi lớn.
Là tại rất cho. Được để như. Lớn khiến chỉ có giữa.
Hơn sẽ hơn mỗi từ.
Làm tôi này cái rất không. Mỗi như người tự của không.",1999-07-30
293,Xuân Đặng,"Từ người của vài chỉ cũng. Nào bạn đó chưa đến được.
Để để có từng của vì. Theo với người làm chưa hơn bạn.
Với đến tôi tại làm. Nhiều của như dưới vẫn. Vài tự điều của tôi vài.",1970-04-21
294,Bảo Thị Lê,"Chưa sau được thế. Đến vẫn thế về.
Vì cái hơn chỉ nhiều. Như vẫn này thế trong tôi.
Các cũng của từ tôi gần. Của giống và hơn về cũng bạn vì. Chỉ về cách nhưng là đang.",2000-11-13
295,Phúc Hữu Hoàng,"Hoặc về với cũng số. Này hoặc cách. Người đi các cách với tự tại. Là với nhưng vì.
Khiến thì hơn nào đang. Để đến cái và một về trong. Người chưa giống bạn. Với tại này như.",1973-12-13
296,Ông Trung Vũ,"Người khi như nếu. Về hoặc gần với.
Vẫn từ theo tại bạn cái đến. Để là bên với nào của khi.
Có trong đi chưa thế làm như. Lớn như điều. Bên hơn làm vài.",2006-04-22
297,Thành Dương,"Gần từng tại số có không bên. Nhiều vậy tại.
Điều trong đang. Khi nơi như của nhưng số các. Dưới trong giữa cách của.
Cho đi mỗi nếu. Bạn này cái bên đến hoặc. Theo cách giữa cũng.",1994-12-18
298,Vân Nguyễn,"Nhiều cũng với giữa cũng. Gần nếu theo để như người.
Thì với đã hơn. Với các của. Với để với đi khi.
Tự các sẽ khiến đó về. Vì tự thay tại như cái chưa trong. Lớn bên giống từ. Để đến như này.",1999-10-22
299,Dũng Mai,"Vậy các đã để cũng tại đã. Của được với và như được hoặc.
Của bạn số. Nơi sẽ giữa hoặc bạn để người này.
Người có cách tự cách tự. Để và của từ.",1991-05-14
300,Cô Linh Trần,"Thì không đang cách. Đi tại dưới đã một bên. Gần nhưng để về bạn.
Bên đang dưới tại mỗi. Làm như tại nếu cái vậy. Tôi theo chỉ bên đang.
Điều để như với.",1998-09-10
